City,demo_bin,relative_vulnerability
Delhi,10-19|F,0.1008363128654962
Mumbai,10-19|F,0.10031962728119095
Bangalore,10-19|F,0.09510398744681695
Hyderabad,10-19|F,0.0967041357755932
Chennai,10-19|F,0.09375523472865024
Kolkata,10-19|F,0.0848522947540338
Pune,10-19|F,0.07942320339869005
Jaipur,10-19|F,0.07315530653114086
Lucknow,10-19|F,0.06921303826326738
Ahmedabad,10-19|F,0.06520139123985776
Nagpur,10-19|F,0.09703412897682466
Indore,10-19|F,0.029080190670381072
Vasai,10-19|F,0.06034316073742064
Visakhapatnam,10-19|F,0.08819530461267756
Varanasi,10-19|F,0.040710418805794846
Kanpur,10-19|F,0.09728690637782537
Agra,10-19|F,0.0377121147532353
Rajkot,10-19|F,0.07335651804055497
Faridabad,10-19|F,0.07081782486697782
Surat,10-19|F,0.05227994394803324
